ランキング,製品名,価格,販売開始日時,販売終了日時,レビュー件数,レビュー平均
1,16日より赤字価格★クーポンで155円★DHA＋EPA オメガ3系α-リノレン酸 亜麻仁油 約1ヵ月分 サプリ サプリメント 健康 dha epa オメガ3 リノレン酸 えごま油 亜麻仁油 ドコサヘキサエン酸 エイコサペンタエンサン ロズマリン酸 ルテオリン【TB1】,498,,,1032,4.51
2,【同時購入特典+先着特典】僕らは まだ / MAGIC CARPET RIDE (初回盤A＋初回盤B＋通常盤セット)(内容未定+内容未定(絵柄C)3つ) [ V6 ],5016,,,0,0.0
3,＼今なら早割！／ 母の日 プレゼント 早割 花 ギフト カーネーション 鉢 生花 鉢植え 送料無料 スイーツ お菓子 ギフトセット どら焼き おいもや 【静岡 AA】,3280,2021-03-04 11:00,2021-05-31 00:59,1368,4.31
4,Nintendo Switch Joy-Con(L) ネオンブルー/(R) ネオンレッド,32978,,,754,4.69
5,PlayStation5 PULSE 3D ワイヤレスヘッドセット,10978,,,4,4.25
6,"クーポンで198円★プラセンタ50倍濃縮 約1ヵ月分 1カプセルに4,000mg配合 NMN アスタキサンチン シルクペプチド 亜麻仁油 サプリ サプリメント",1480,,,1077,4.48
7,【再販は4月16日（金）20時〜】★送料無料 ★SIXPLUS マリリン　シックスプラス コラボメイクブラシ10本セット Melodyシリーズ,5390,2021-04-16 11:00,2025-12-31 14:59,530,4.86
8,国産 雑穀 雑穀米 450g 送料無料 熊本 県産 二十五雑穀米 くまモン 袋 話題 もち麦 発芽玄米 アマランサス 配合 グルテンフリー 《3-7営業日以内に出荷予定(土日祝日除く)》,1180,,,11719,4.67
9,【期間限定12000円→5999円さらに超豪華おまけ】新牛めしの具(プレミアム仕様)30食セット【牛丼の具】 グルメ 1個当たりたっぷり135g冷凍食品 冷凍 おかず セット 冷食 お惣菜 牛丼 肉 業務用 惣菜 お弁当 絶品,5999,2021-04-09 11:00,2021-04-20 14:59,4816,4.55
10,【早割 まもなく終了】 母の日 プレゼント カーネーション 鉢植え ギフト 選べる10種の花色 赤 ピンク オレンジ パープル イエロー 変り咲き 香り と選べる幸せ特典 幸福の木 ハーバリウム ディフューザー 花とスイーツのセットもさらに お花のカレンダ—特典あり,3432,,,11406,4.39
11,【4/25 23時59分まで早割実施中！】母の日 プレゼント ギフト 花 鉢植え アジサイ バラ ユリ カーネーション 寄せ鉢 アレンジ 花束 スタンディングブーケ 楽天総合1位 送料無料 メッセージカード付き イベントギフトA 2021 BunBun!Bee,3999,,,12095,4.28
12,ショッピングバッグ (ブラック/ナチュラル) 人気 ロゴ入り おしゃれ シンプル エコバッグ 折りたたみ 軽量 コンパクト レジ袋 トートバッグ 買い物バッグ シンプル 実用的 ギフト 母の日 父の日,1430,2021-04-16 01:00,2021-04-30 01:00,856,4.52
13,4種のナッツ 850g ミックスナッツ 無塩 有塩が選べる 素焼き ラッキーミックスナッツ ハッピーミックスナッツ 4種のミックスナッツ 送料無料 無添加 1kgより少し少ない850g アーモンド くるみ マカダミアナッツ カシューナッツ ポスト投函 家飲み 保存食 訳あり,1580,,,9942,4.62
14,【公式 全世界30万部限定 日本2万部限定 残りわずか】THE FACT BTS PHOTO BOOKSPECIAL EDITION:WE REMEMBERBTS写真集 Big HitEntertainment承認,5280,,,0,0.0
15,クリスタルガイザー 水(500ml*48本入)【2shdrk】【クリスタルガイザー(Crystal Geyser)】,2290,,,27016,4.51
16,あす楽/送料無料(ネコポス)【公式限定 2箱購入で＋1箱無料】カラコン レヴィア ReVIA 1day/COLOR 1箱10枚入/3箱合計30枚 レヴィアワンデー 度あり 度なし カラー コンタクトレンズ ローラ ROLA 裸眼風 色素薄い系 小さめ 紫外線対策 UVカット 透け感 透明感 ヌーディー,3432,,,10434,4.6
17,ReFa 4 CARAT （リファ フォーカラット ） ／ MTG リファ 4 carat プラチナ電子ローラー 美顔ローラー りふぁ 防水 美容ローラー プラチナローラー 【TBSショッピング】,9800,2021-04-15 15:00,2021-04-20 14:59,10,3.8
18,"BTS, THE BEST (初回限定盤B 2CD＋2DVD) [ BTS(防彈少年團) ]",4315,,,6,5.0
19,"もうすぐ終了！4/17まで送料無料1,999円！楽天ランキング1位＆楽天グルメ大賞受賞！ジャンボ広島かき2Lサイズ1kg（解凍後850g/30粒前後）【カキ】【牡蠣】【かき】【送料無料】",1999,,,14123,4.63
20,タンパクオトメ 女性専用プロテイン 送料無料 ホエイプロテインとソイプロテインをW配合。不足しがちなタンパク質と美容成分たっぷり、おきかえダイエットにもおすすめの低糖質プロテイン。植物性 動物性 wpi プロテイン 楽天ランキング1位 プロテインフード 砂糖不使用,2980,,,4820,4.02
21,母の日 カーネーション プレゼント ギフト17種類から選べるカーネーション5号サイズ 鉢植えスイーツセットにもできます こだわりラッピング全国送料無料,2598,2021-02-28 15:00,2021-05-20 14:59,6819,4.2
22,終了間近★17日迄！クーポンで298円★384種類の野菜 野草 果実 海藻 キノコ 豆類を使用約1ヵ月分 送料無料 酵素サプリ,1248,,,157,4.47
23,赤字価格★クーポンで198円★濃いルテイン≪約1ヵ月分≫送料無料 ルテイン サプリ サプリメント 亜麻仁油 エゴマ油 ビタミンA ビタミンE ブルーライト デジタルケア マリーゴールド抽出物 PC スマホ【TB1】,639,,,2035,4.41
24,"母の日 プレゼント ギフト 半額セールで送料無料4,490円！更に2個で500円OFFクーポンあり！北海道産の極上いくら醤油漬け500g(約6人前)化粧箱入り【いくら】【イクラ】",4490,,,32,4.44
25,クーポン利用で1680円！＼大人気ブロガーAYAさん◆コラボ新色発売！／ 楽天総合1位 プリーツパンツ 春夏 セルフカット レディース 13色 プリーツ パンツ ワイドパンツ 春 夏 シフォン 大きいサイズ 裾カットOK ウエストゴム リラックスパンツ ボトムス メール便可//10//,2980,,,1800,4.19
26,【クーポン利用で10%OFF】エバーカラーワンデーナチュラル (1箱20枚入り)( 安斉かれん あす楽 送料無料 カラコン カラーコンタクト 度あり 度入り 度なし ワンデー 人気 安斉かれんカラコン アイレ モイスト コンタクト エバーカラー エバーカラーワンデー エバカラ ),2493,,,35902,4.36
27,※まとめ買い不可※ パンパース パンツ ウルトラジャンボ P＆G(3個パック)【パンパース】[紙おむつ],4662,,,9241,4.63
29,(予約) 1/30の確率で特賞が当たる！運がよければ響30年！グレンスコシア30年・山崎18年が当たるかも！？★ウイスキー福袋★ 2本組 限定600セット RSL 2021/04/28以降発送予定,16500,2021-04-16 11:00,2021-04-30 14:59,219,3.76
30,Nintendo Switch Joy-Con(L)/(R) グレー,32978,,,287,4.48
